SALE TYPE,SOLD DATE,PROPERTY TYPE,ADDRESS,CITY,STATE,ZIP,PRICE,BEDS,BATHS,LOCATION,SQUARE FEET,LOT SIZE,YEAR BUILT,DAYS ON MARKET,$/SQUARE FEET,HOA/MONTH,STATUS,NEXT OPEN HOUSE START TIME,NEXT OPEN HOUSE END TIME,URL (SEE http://www.redfin.com/buy-a-home/comparative-market-analysis FOR INFO ON PRICING),SOURCE,MLS#,FAVORITE,INTERESTED,LATITUDE,LONGITUDE
PAST SALE,December-4-2017,Single Family Residential,17927 35th Ave SE,Bothell,WA,98012,500000,4,2.25,North Creek,2016,84283,1935,46,248,,Sold,,,http://www.redfin.com/WA/Bothell/17927-35th-Ave-SE-98012/home/2495281,NWMLS,779019,N,Y,47.835079,-122.185014
PAST SALE,December-29-2017,Single Family Residential,18202 3rd Dr SE Unit NC 4,Bothell,WA,98012,569930,3,2.5,North Creek,1906,4795,2017,21,299,,Sold,,,http://www.redfin.com/WA/Bothell/18202-3rd-Dr-SE-98012/unit-NC-4/home/106177996,NWMLS,956513,N,Y,47.8332419,-122.2270735
PAST SALE,January-9-2018,Single Family Residential,18323 44th. Dr SE,Bothell,WA,98012,536730,2,3,North Creek,1760,3173,2016,10,305,85,Sold,,,http://www.redfin.com/WA/Bothell/18323-44th-Dr-SE-98012/home/108287473,NWMLS,974036,N,Y,47.8315616,-122.1741781
PAST SALE,December-29-2017,Single Family Residential,23214 24th Ave SE,Bothell,WA,98021,981850,6,4,Bothell,3713,9947,2016,21,264,62,Sold,,,http://www.redfin.com/WA/Bothell/23214-24th-Ave-SE-98012/home/108518720,NWMLS,1054291,N,Y,47.7816226,-122.1999337
PAST SALE,October-27-2017,Single Family Residential,4318 lot 49 224TH ST SE,Bothell,WA,98021,706905,4,2.75,Canyon Park,2518,3580,2017,84,281,102,Sold,,,http://www.redfin.com/WA/Bothell/49-224th-St-SE-98021/home/111247967,NWMLS,1056272,N,Y,47.7949544,-122.2327104
PAST SALE,November-21-2017,Single Family Residential,4317 lot 54 224TH PL SE SE,Bothell,WA,98021,688395,3,2.5,Canyon Park,2256,5068,2017,59,305,102,Sold,,,http://www.redfin.com/WA/Bothell/4317-224th-St-SE-98021/home/111252839,NWMLS,1056480,N,Y,47.7942419,-122.1742713
PAST SALE,December-15-2017,Single Family Residential,13551 NE 203rd Ct #8,Woodinville,WA,98072,974065,5,4.75,Woodinville,3507,5508,2017,35,278,100,Sold,,,http://www.redfin.com/WA/Woodinville/13551-NE-203rd-Ct-98072/unit-8/home/112396896,NWMLS,1060369,N,Y,47.7745385,-122.1674703
PAST SALE,December-12-2017,Single Family Residential,13545 NE 203rd Ct #7,Woodinville,WA,98072,1123017,5,4,Woodinville,4211,7723,2017,38,267,100,Sold,,,http://www.redfin.com/WA/Woodinville/13545-NE-203rd-Ct-98072/unit-7/home/112400205,NWMLS,1060483,N,Y,47.7745385,-122.1674703
PAST SALE,October-25-2017,Single Family Residential,18317 43rd. Dr SE,Bothell,WA,98012,545670,4,3.5,North Creek,2335,2849,2017,86,234,85,Sold,,,http://www.redfin.com/WA/Bothell/18317-43rd-Dr-SE-98012/home/108957786,NWMLS,1063077,N,Y,47.8289,-122.1723
PAST SALE,October-24-2017,Single Family Residential,18302 43rd. Dr SE,Bothell,WA,98012,532745,3,3.5,North Creek,1939,3688,2017,87,275,85,Sold,,,http://www.redfin.com/WA/Bothell/18302-43rd-Dr-SE-98012/home/113008178,NWMLS,1073987,N,Y,47.8645828,-122.1734427
PAST SALE,October-26-2017,Single Family Residential,18317 44th. Dr SE,Bothell,WA,98012,557625,4,3.25,North Creek,1939,3736,2017,85,288,85,Sold,,,http://www.redfin.com/WA/Bothell/18317-44th-Dr-SE-98012/home/112859128,NWMLS,1073990,N,Y,47.8289,-122.1723
PAST SALE,October-23-2017,Single Family Residential,18327 44th. Dr SE,Bothell,WA,98012,558728,3,3.25,North Creek,1939,3707,2017,88,288,85,Sold,,,http://www.redfin.com/WA/Bothell/18327-44th-Dr-SE-98012/home/111089161,NWMLS,1073992,N,Y,47.8289,-122.1723
PAST SALE,January-3-2018,Single Family Residential,18706 44th. Dr SE,Bothell,WA,98012,708619,3,2.5,North Creek,2202,4195,2017,16,322,85,Sold,,,http://www.redfin.com/WA/Bothell/18706-44th-Dr-SE-98012/home/113113140,NWMLS,1079673,N,Y,47.8292763,-122.1731703
PAST SALE,December-8-2017,Single Family Residential,18305 43rd. Dr SE,Bothell,WA,98012,589583,4,3.25,North Creek,1939,3175,2017,42,304,85,Sold,,,http://www.redfin.com/WA/Bothell/18305-43rd-Dr-SE-98012/home/113036313,NWMLS,1080139,N,Y,47.8289,-122.1723
PAST SALE,November-21-2017,Single Family Residential,104 175th Place SE,Bothell,WA,98012,624990,4,2.5,Bothell,2566,4488,2017,59,244,,Sold,,,http://www.redfin.com/WA/Bothell/104-175th-Pl-SE-98012/home/113281646,NWMLS,1085717,N,Y,47.8387904,-122.2078479
PAST SALE,October-26-2017,Single Family Residential,24 175th Place SE,Bothell,WA,98012,626990,3,3,Bothell,2614,3769,2017,85,240,,Sold,,,http://www.redfin.com/WA/Bothell/24-175th-Pl-SE-98012/home/113281659,NWMLS,1085722,N,Y,47.8387904,-122.2078479
PAST SALE,November-17-2017,Single Family Residential,28 175th Place SE,Bothell,WA,98012,649990,4,3,Bothell,2809,4487,2017,63,231,,Sold,,,http://www.redfin.com/WA/Bothell/28-175th-Pl-SE-98012/home/113281671,NWMLS,1085726,N,Y,47.8387904,-122.2078479
PAST SALE,November-9-2017,Single Family Residential,21404 Royal Anne Rd,Bothell,WA,98021,541000,5,3,Thrashers Corner,2403,95832,2007,71,225,,Sold,,,http://www.redfin.com/WA/Bothell/21404-Royal-Anne-Rd-98021/home/12490630,NWMLS,1087898,N,Y,47.8042587,-122.2251749
PAST SALE,January-10-2018,Single Family Residential,18713 43rd. Park SE,Bothell,WA,98012,603735,4,2.25,North Creek,1876,2665,2017,9,322,85,Sold,,,http://www.redfin.com/WA/Bothell/18713-43rd-Park-SE-98012/home/113439442,NWMLS,1092109,N,Y,47.829285,-122.1745393
PAST SALE,December-5-2017,Single Family Residential,18718 43rd. Park SE,Bothell,WA,98012,658536,4,2.25,North Creek,2214,3478,2017,45,297,85,Sold,,,http://www.redfin.com/WA/Bothell/18718-43rd-Park-SE-98012/home/113439486,NWMLS,1092116,N,Y,47.829285,-122.1745393
PAST SALE,January-15-2018,Single Family Residential,18730 43rd. Park SE,Bothell,WA,98012,609218,4,2.25,North Creek,1838,2811,2017,4,331,85,Sold,,,http://www.redfin.com/WA/Bothell/18730-43rd-Park-SE-98012/home/113439513,NWMLS,1092121,N,Y,47.829285,-122.1745393
PAST SALE,November-28-2017,Single Family Residential,18719 43rd. Park SE,Bothell,WA,98012,634562,4,2.25,North Creek,2186,3100,2017,52,290,85,Sold,,,http://www.redfin.com/WA/Bothell/18719-43rd-Park-SE-98012/home/113439549,NWMLS,1092130,N,Y,47.828941,-122.172578
PAST SALE,December-21-2017,Single Family Residential,7 175th Place SW,Bothell,WA,98012,705547,3,3,Bothell,2614,4349,2017,29,270,,Sold,,,http://www.redfin.com/WA/Bothell/7-175th-Pl-SW-98012/home/113752145,NWMLS,1102581,N,Y,47.839249,-122.235619
PAST SALE,November-7-2017,Single Family Residential,4406 237th Place SE #128,Bothell,WA,98021,824950,5,3.25,Kenmore,3222,3607,2017,73,256,,Sold,,,http://www.redfin.com/WA/Bothell/4406-237th-Pl-SE-98021/unit-128/home/113723430,NWMLS,1105918,N,Y,47.7840874,-122.1738753
PAST SALE,December-14-2017,Single Family Residential,16614 122nd Place NE,Bothell,WA,98011,980250,4,4.5,Cherry Hill,3908,10025,2017,36,251,,Sold,,,http://www.redfin.com/WA/Bothell/16614-122nd-Pl-NE-98011/home/113995206,NWMLS,1107679,N,Y,47.748852,-122.176362
PAST SALE,December-22-2017,Single Family Residential,16610 122nd Place NE,Bothell,WA,98011,1029095,4,4.5,Cherry Hill,3908,10295,2017,28,263,,Sold,,,http://www.redfin.com/WA/Bothell/16610-122nd-Pl-NE-98011/home/113995205,NWMLS,1111321,N,Y,47.748639,-122.176369
PAST SALE,November-3-2017,Single Family Residential,4110 174th St SE #3,Bothell,WA,98012,777450,4,3.25,Bothell,3183,4775,2017,77,244,34,Sold,,,http://www.redfin.com/WA/Bothell/4110-174th-St-SE-98012/unit-3/home/113846864,NWMLS,1115589,N,Y,47.839669,-122.177245
PAST SALE,November-29-2017,Single Family Residential,4422 237th Place SE #134,Bothell,WA,98021,799950,5,3.25,Bothell,3222,3607,2017,51,248,,Sold,,,http://www.redfin.com/WA/Bothell/4422-237th-Pl-SE-98021/home/113865889,NWMLS,1118776,N,Y,47.7840874,-122.1738753
PAST SALE,December-20-2017,Single Family Residential,22410 Lot 3 43RD DR SE,Bothell,WA,98021,688190,4,3,Canyon Park,2256,3600,2017,30,305,102,Sold,,,http://www.redfin.com/WA/Bothell/22410-43rd-Dr-SE-98021/home/113896046,NWMLS,1122154,N,Y,47.7949019,-122.1752504
PAST SALE,October-27-2017,Single Family Residential,4314 Lot 50 224TH ST SE,Bothell,WA,98021,786080,4,3,Canyon Park,2819,3570,2017,84,279,102,Sold,,,http://www.redfin.com/WA/Bothell/50-224th-St-SE-98021/home/113896071,NWMLS,1122165,N,Y,47.794752,-122.2321125
PAST SALE,November-27-2017,Single Family Residential,4313 Lot 53 224TH PL SE,Bothell,WA,98021,751644,5,2.75,Canyon Park,2819,3615,2017,53,267,102,Sold,,,http://www.redfin.com/WA/Bothell/53-224th-St-SE-98021/home/113896144,NWMLS,1122199,N,Y,47.7949536,-122.2326499
PAST SALE,December-7-2017,Single Family Residential,4320 Lot 58 224TH PL SE,Bothell,WA,98021,776297,5,2.75,Canyon Park,2819,4462,2017,43,275,102,Sold,,,http://www.redfin.com/WA/Bothell/58-224th-St-SE-98021/home/113896203,NWMLS,1122233,N,Y,47.7947514,-122.2320679
PAST SALE,December-8-2017,Single Family Residential,4321 Lot 55 224TH PL SE,Bothell,WA,98021,700714,4,3,Canyon Park,2256,3600,2017,42,311,102,Sold,,,http://www.redfin.com/WA/Bothell/55-224th-St-SE-98021/home/113896259,NWMLS,1122259,N,Y,47.7949533,-122.2326196
PAST SALE,November-1-2017,Single Family Residential,4323 Lot 21 224TH ST SE,Bothell,WA,98021,704857,3,2.5,Canyon Park,2256,3600,2017,79,312,102,Sold,,,http://www.redfin.com/WA/Bothell/4323-224th-St-SE-98021/home/113896298,NWMLS,1122287,N,Y,47.7944929,-122.1742851
PAST SALE,October-27-2017,Single Family Residential,4403 236th Place SE #116,Bothell,WA,98021,829950,5,3,Bothell,2825,3878,2017,84,294,,Sold,,,http://www.redfin.com/WA/Bothell/4403-236th-Pl-SE-98021/unit-116/home/144404421,NWMLS,1122331,N,Y,47.7830096,-122.1725765
PAST SALE,October-30-2017,Single Family Residential,23528 26th Ave SE,Bothell,WA,98021,970000,5,4.25,Bothell,3600,11879,2017,81,269,60,Sold,,,http://www.redfin.com/WA/Bothell/23528-26th-Ave-SE-98021/home/113972498,NWMLS,1126614,N,Y,47.7789517,-122.1975563
PAST SALE,December-29-2017,Single Family Residential,22414 lot 2 43rd DR SE,Bothell,WA,98021,743450,3,2.5,Canyon Park,2518,3622,2017,21,295,102,Sold,,,http://www.redfin.com/WA/Bothell/22414-43rd-Dr-SE-98021/home/113982892,NWMLS,1129090,N,Y,47.7949019,-122.1752504
PAST SALE,December-19-2017,Single Family Residential,22330 lot 5 43rd DR SE,Bothell,WA,98021,740935,3,2.5,Canyon Park,2518,3600,2017,31,294,102,Sold,,,http://www.redfin.com/WA/Bothell/22330-43rd-Dr-SE-98021/home/113983104,NWMLS,1129125,N,Y,47.7949019,-122.1752504
PAST SALE,October-25-2017,Single Family Residential,4315 lot 19 224th ST SE,Bothell,WA,98021,704935,4,2.75,Canyon Park,2256,3600,2017,86,312,102,Sold,,,http://www.redfin.com/WA/Bothell/4315-224th-St-SE-98021/home/113983243,NWMLS,1129159,N,Y,47.7944929,-122.1742851
PAST SALE,October-31-2017,Single Family Residential,22511 4th Ave SE,Bothell,WA,98021,565000,4,2.5,Bothell,2688,13939,1974,80,210,,Sold,,,http://www.redfin.com/WA/Bothell/22511-4th-Ave-SE-98021/home/2769633,NWMLS,1129185,N,Y,47.793641,-122.2260068
PAST SALE,November-2-2017,Single Family Residential,4408 lot 45 224th ST SE,Bothell,WA,98021,670610,4,3,Canyon Park,2256,3580,2017,78,297,102,Sold,,,http://www.redfin.com/WA/Bothell/45-224th-St-SE-98021/home/113983378,NWMLS,1129197,N,Y,47.7949552,-122.232771
PAST SALE,November-30-2017,Single Family Residential,4411 236th Place SE #114,Bothell,WA,98021,769950,4,2.75,Bothell,2494,3626,2017,50,309,70,Sold,,,http://www.redfin.com/WA/Bothell/4411-236th-Pl-SE-98021/home/113983404,NWMLS,1129212,N,Y,47.7830257,-122.1726395
PAST SALE,December-30-2017,Single Family Residential,22425 lot 52 43rd DR SE,Bothell,WA,98021,747426,4,3,Canyon Park,2256,3832,2017,20,331,102,Sold,,,http://www.redfin.com/WA/Bothell/22425-43rd-Dr-SE-98021/home/113983446,NWMLS,1129223,N,Y,47.793481,-122.1751093
PAST SALE,December-29-2017,Single Family Residential,22418 Lot 1 43rd DR SE,Bothell,WA,98021,792725,3,2.5,Canyon Park,2518,3814,2017,21,315,102,Sold,,,http://www.redfin.com/WA/Bothell/22418-43rd-Dr-SE-98021/home/113885604,NWMLS,1129236,N,Y,47.793481,-122.1751093
PAST SALE,November-1-2017,Single Family Residential,4423 231st Place SE,Bothell,WA,98021,884326,4,3,Snohomish,2971,4329,2017,79,298,80,Sold,,,http://www.redfin.com/WA/Bothell/4423-231-Pl-SE-98021/home/114027968,NWMLS,1133229,N,Y,47.7883677,-122.1845996
PAST SALE,November-29-2017,Single Family Residential,4419 231st Place SE,Bothell,WA,98021,910326,4,2.75,Bothell,3085,4285,2017,51,295,80,Sold,,,http://www.redfin.com/WA/Bothell/4419-231-Pl-SE-98021/home/114027974,NWMLS,1133235,N,Y,47.7883677,-122.1845996
PAST SALE,December-7-2017,Single Family Residential,4413 231st Place SE,Bothell,WA,98021,821517,4,2.5,Bothell,2566,4000,2017,43,320,80,Sold,,,http://www.redfin.com/WA/Bothell/4413-231-Pl-SE-98021/home/114027973,NWMLS,1133257,N,Y,47.7883677,-122.1845996
PAST SALE,November-22-2017,Single Family Residential,39 242nd (#21) St SE,Bothell,WA,98021,1125760,4,2.75,Canyon Park,3860,9606,2017,58,292,92,Sold,,,http://www.redfin.com/WA/Bothell/39-242nd-St-SE-98021/home/114088324,NWMLS,1136143,N,Y,47.77908,-122.231644
PAST SALE,November-22-2017,Single Family Residential,23507 26th Ave SE,Bothell,WA,98021,864950,5,2.75,Bothell,3009,6719,2017,58,287,60,Sold,,,http://www.redfin.com/WA/Bothell/23507-26th-Ave-SE-98021/home/116744326,NWMLS,1140698,N,Y,47.7789517,-122.1975563
PAST SALE,October-30-2017,Single Family Residential,23511 26th Ave SE,Bothell,WA,98021,899950,5,2.75,Bothell,3146,6971,2017,81,286,60,Sold,,,http://www.redfin.com/WA/Bothell/23511-26th-Ave-SE-98021/home/116744285,NWMLS,1140701,N,Y,47.7789517,-122.1975563
PAST SALE,January-19-2018,Single Family Residential,4426 237th Place SE #135,Bothell,WA,98021,759950,4,2.75,Bothell,2494,3607,2017,1,305,70,Sold,,,http://www.redfin.com/WA/Bothell/4426-237th-Pl-SE-98021/unit-135/home/117617655,NWMLS,1141116,N,Y,47.7821409,-122.1690859
PAST SALE,December-15-2017,Single Family Residential,4407 236th Place SE #115,Bothell,WA,98021,784950,4,2.5,Bothell,2501,3627,2017,35,314,78,Sold,,,http://www.redfin.com/WA/Bothell/4407-236th-Pl-SE-98021/unit-115/home/144632189,NWMLS,1141136,N,Y,47.7830257,-122.1726395
PAST SALE,October-24-2017,Single Family Residential,4002 223rd (CP Lot 9) Place SE,Bothell,WA,98021,773280,4,2.5,Bothell,2606,3571,2017,87,297,55,Sold,,,http://www.redfin.com/WA/Bothell/4002-223rd-Pl-SE-98021/home/124644211,NWMLS,1145781,N,Y,47.7949448,-122.1792724
PAST SALE,November-30-2017,Single Family Residential,4022 223rd (CP Lot 16) Place SE,Bothell,WA,98021,790435,5,3.5,Bothell,3166,3200,2017,50,250,55,Sold,,,http://www.redfin.com/WA/Bothell/4022-223rd-CP-Lot-16-Pl-SE-98021/home/124773320,NWMLS,1145969,N,Y,47.794857,-122.179438
PAST SALE,November-2-2017,Single Family Residential,310 182nd St SE,Bothell,WA,98012,749950,4,3,North Bothell,3130,4400,2017,78,240,20,Sold,,,http://www.redfin.com/WA/Bothell/310-182nd-St-SE-98012/home/130901684,NWMLS,1149558,N,Y,47.83305876,-122.2290961
PAST SALE,November-9-2017,Single Family Residential,19021 84th Place NE,Bothell,WA,98011,959572,5,2.75,Bothell,3018,5524,2017,71,318,84,Sold,,,http://www.redfin.com/WA/Bothell/19021-84th-Pl-NE-98011/home/113178752,NWMLS,1154231,N,Y,47.766318,-122.227754
PAST SALE,October-30-2017,Single Family Residential,3520 150th St SE Lot 15,Mill Creek,WA,98012,716000,4,2.75,Seattle Hill,2626,9248,2017,81,273,54,Sold,,,http://www.redfin.com/WA/Bothell/3520-150th-St-SE-98012/unit-15/home/139091014,NWMLS,1155102,N,Y,47.8614813,-122.1768998
PAST SALE,November-3-2017,Single Family Residential,16561 124th Ave NE,Bothell,WA,98011,640000,5,1.75,Queensgate,2510,53578,1947,77,255,,Sold,,,http://www.redfin.com/WA/Bothell/16561-124th-Ave-NE-98011/home/454769,NWMLS,1155989,N,Y,47.7487761,-122.175891
PAST SALE,December-8-2017,Townhouse,1325 Seattle Hill Rd Unit M3,Bothell,WA,98012,449900,2,2.5,Mill Creek,1583,1028,2017,42,284,121,Sold,,,http://www.redfin.com/WA/Bothell/1325-Seattle-Hill-Rd-98012/unit-M3/home/141183965,NWMLS,1157515,N,Y,47.8450585,-122.2147022
PAST SALE,December-11-2017,Townhouse,1325 Seattle Hill Rd Unit M4,Bothell,WA,98012,475250,3,2.5,Mill Creek,1755,1139,2017,39,271,121,Sold,,,http://www.redfin.com/WA/Bothell/1325-Seattle-Hill-Rd-98012/unit-M4/home/141054504,NWMLS,1157516,N,Y,47.8450585,-122.2147022
PAST SALE,November-21-2017,Townhouse,1325 Seattle Hill Rd Unit L5,Bothell,WA,98012,526075,3,3.25,Mill Creek,2235,2069,2017,59,235,121,Sold,,,http://www.redfin.com/WA/Bothell/1325-Seattle-Hill-Rd-98012/unit-L5/home/142644269,NWMLS,1161599,N,Y,47.8450585,-122.2147022
PAST SALE,December-1-2017,Single Family Residential,4008 223rd (CP 11) Place SE,Bothell,WA,98021,700185,3,2.5,Bothell,2084,5139,2017,49,336,55,Sold,,,http://www.redfin.com/WA/Bothell/4008-223rd-Pl-SE-98021/home/142548179,NWMLS,1161891,N,Y,47.7950392,-122.1792767
PAST SALE,January-18-2018,Single Family Residential,4206 223rd Place SE #22,Bothell,WA,98021,805030,5,3.25,Bothell,3126,3800,2017,1,258,55,Sold,,,http://www.redfin.com/WA/Bothell/4206-223rd-Pl-SE-98021/unit-22/home/142817549,NWMLS,1162228,N,Y,47.7949881,-122.1837904
PAST SALE,January-11-2018,Single Family Residential,16618 122nd Place NE,Bothell,WA,98011,992805,4,4.5,Cherry Hill,3905,10945,2017,8,254,,Sold,,,http://www.redfin.com/WA/Bothell/16618-122nd-Pl-NE-98011/home/113995207,NWMLS,1163715,N,Y,47.749056,-122.176436
PAST SALE,December-8-2017,Single Family Residential,323 221st Place SW Unit L1001,Bothell,WA,98021,749995,4,2.75,Queensborough,2820,7205,2017,42,266,53,Sold,,,http://www.redfin.com/WA/Bothell/323-221st-St-SW-98021/unit-L1001/home/142991350,NWMLS,1166414,N,Y,47.7975453,-122.2377119
PAST SALE,November-29-2017,Single Family Residential,322 221st Place SW Unit L2001,Bothell,WA,98021,749995,4,2.75,Queensborough,2820,7206,2017,51,266,53,Sold,,,http://www.redfin.com/WA/Bothell/322-221st-St-SW-98021/unit-L2001/home/142991349,NWMLS,1166416,N,Y,47.7973318,-122.2380364
PAST SALE,October-30-2017,Single Family Residential,2229 239th (Lot 2) St SE,Bothell,WA,98021,1299481,5,3.25,Canyon Park,4358,9628,2017,81,298,92,Sold,,,http://www.redfin.com/WA/Bothell/2229-2nd-Pl-SE-98021/home/144404447,NWMLS,1167064,N,Y,47.782622,-122.229233
PAST SALE,November-30-2017,Single Family Residential,419 164th Place SE,Bothell,WA,98012,425000,3,2.25,Mill Creek,1676,8712,1984,50,254,,Sold,,,http://www.redfin.com/WA/Bothell/419-164th-Pl-SE-98012/home/2797497,NWMLS,1168147,N,Y,47.8490441,-122.2259487
PAST SALE,November-2-2017,Single Family Residential,16109 122nd Place NE,Bothell,WA,98011,575000,4,2.25,Bothell,2120,8250,1978,78,271,,Sold,,,http://www.redfin.com/WA/Bothell/16109-122nd-Pl-NE-98011/home/455431,NWMLS,1169212,N,Y,47.7439417,-122.1771637
PAST SALE,January-19-2018,Townhouse,1325 Seattle Hill Rd Unit K3,Bothell,WA,98012,458285,2,2.25,Mill Creek,1583,1422,2017,1,290,121,Sold,,,http://www.redfin.com/WA/Bothell/1325-Seattle-Hill-Rd-98012/unit-K3/home/143021526,NWMLS,1169344,N,Y,47.8450585,-122.2147022
PAST SALE,December-18-2017,Townhouse,1325 Seattle Hill Rd Unit A1,Bothell,WA,98012,533060,3,2.25,Mill Creek,1928,2095,2017,32,276,121,Sold,,,http://www.redfin.com/WA/Bothell/1325-Seattle-Hill-Rd-98012/unit-A1/home/143021522,NWMLS,1169364,N,Y,47.8450585,-122.2147022
PAST SALE,November-13-2017,Condo/Co-op,10830 E Riverside Dr Unit B202,Bothell,WA,98011,227000,2,1,Bothell,767,,1985,67,296,328,Sold,,,http://www.redfin.com/WA/Bothell/10830-E-Riverside-Dr-98011/unit-B202/home/143166714,NWMLS,1170929,N,Y,47.7543028,-122.1949032
PAST SALE,November-15-2017,Townhouse,1325 Seattle Hill Rd Unit L2,Bothell,WA,98012,525285,3,2.75,Mill Creek,2027,1273,2017,65,259,121,Sold,,,http://www.redfin.com/WA/Bothell/1325-Seattle-Hill-Rd-98012/unit-L2/home/143066214,NWMLS,1171508,N,Y,47.8450585,-122.2147022
PAST SALE,November-17-2017,Townhouse,1325 Seattle Hill Rd Unit L3,Bothell,WA,98012,527285,3,2.75,Mill Creek,2027,1267,2017,63,260,121,Sold,,,http://www.redfin.com/WA/Bothell/1325-Seattle-Hill-Rd-98012/unit-L3/home/143066230,NWMLS,1171556,N,Y,47.8450585,-122.2147022
PAST SALE,November-21-2017,Single Family Residential,19609 93rd Place NE,Bothell,WA,98011,796000,4,3.25,Bothell,3395,104544,2007,59,234,148,Sold,,,http://www.redfin.com/WA/Bothell/19609-93rd-Pl-NE-98011/unit-10/home/12318269,NWMLS,1173812,N,Y,47.7701244,-122.2158503
PAST SALE,November-2-2017,Single Family Residential,6 176th Place SE #14,Bothell,WA,98012,727540,5,2.75,Martha Lake,3245,4899,2017,78,224,57,Sold,,,http://www.redfin.com/WA/Bothell/6-176th-Pl-SW-98012/unit-14/home/143121289,NWMLS,1174036,N,Y,47.8380429,-122.2332852
PAST SALE,November-22-2017,Single Family Residential,23503 26th Ave SE,Bothell,WA,98021,950000,5,3.25,Bothell,3600,6720,2017,58,264,60,Sold,,,http://www.redfin.com/WA/Bothell/23503-26th-Ave-SE-98021/home/143161983,NWMLS,1175318,N,Y,47.7789517,-122.1975563
PAST SALE,December-15-2017,Single Family Residential,4312 Lot 60 224TH Pl SE,Bothell,WA,98021,670000,3,2.5,Canyon Park,1778,3425,2017,35,377,102,Sold,,,http://www.redfin.com/WA/Bothell/60-224th-St-SE-98021/home/143180965,NWMLS,1175474,N,Y,47.7947513,-122.2320567
PAST SALE,October-23-2017,Townhouse,21606 10th Ct SE,Bothell,WA,98021,470000,3,2.25,Canyon Park,1935,6098,2007,88,243,132,Sold,,,http://www.redfin.com/WA/Bothell/21606-10th-Ct-SE-98021/home/12312732,NWMLS,1175940,N,Y,47.802303,-122.217946
PAST SALE,January-4-2018,Single Family Residential,115 161st Pl SE,Bothell,WA,98012,485000,4,2.5,Mill Creek,1906,2989,2012,15,254,55,Sold,,,http://www.redfin.com/WA/Bothell/115-161st-Pl-SE-98012/home/44527000,NWMLS,1176021,N,Y,47.8516353,-122.2294574
PAST SALE,October-27-2017,Single Family Residential,17807 30th Dr SE,Bothell,WA,98012,476100,4,2.75,Mays Pond,1566,10890,1980,84,304,,Sold,,,http://www.redfin.com/WA/Bothell/17807-30th-Dr-SE-98012/home/2786948,NWMLS,1176189,N,Y,47.8361832,-122.1914112
PAST SALE,November-20-2017,Townhouse,1325 Seattle Hill Rd Unit L4,Bothell,WA,98012,534075,3,2.75,Mill Creek,2027,1261,2017,60,263,121,Sold,,,http://www.redfin.com/WA/Bothell/1325-Seattle-Hill-Rd-98012/unit-L4/home/142644271,NWMLS,1176832,N,Y,47.8450585,-122.2147022
PAST SALE,October-28-2017,Single Family Residential,18727 1st Ave W,Bothell,WA,98012,625000,4,2.5,Bothell,2866,6534,2006,83,218,11,Sold,,,http://www.redfin.com/WA/Bothell/18727-1st-Ave-W-98012/home/11881930,NWMLS,1177237,N,Y,47.8275822,-122.23438
PAST SALE,December-8-2017,Single Family Residential,14915 36th Dr SE Lot 10,Mill Creek,WA,98012,742700,4,2.75,Mill Creek,2626,4837,2017,42,283,54,Sold,,,http://www.redfin.com/WA/Bothell/14915-36th-Dr-SE-98012/unit-10/home/143216942,NWMLS,1177831,N,Y,47.8606109,-122.183306
PAST SALE,November-30-2017,Single Family Residential,23107 3rd Ave SE,Bothell,WA,98021,1210000,4,4,Canyon Park,4285,24829,2017,50,282,,Sold,,,http://www.redfin.com/WA/Bothell/23107-3rd-Ave-SE-98021/home/109593230,NWMLS,1178824,N,Y,47.7883386,-122.2265005
PAST SALE,October-27-2017,Single Family Residential,3407 170th Place SE,Bothell,WA,98012,645000,3,2.5,Bothell,2734,5227,2008,84,236,27,Sold,,,http://www.redfin.com/WA/Bothell/3407-170th-Pl-SE-98012/home/21501627,NWMLS,1178850,N,Y,47.8431914,-122.1866067
PAST SALE,October-24-2017,Single Family Residential,18108 19th Dr SE,Bothell,WA,98012,405000,3,1.75,North Creek,1085,6534,1980,87,373,,Sold,,,http://www.redfin.com/WA/Bothell/18108-19th-Dr-SE-98012/home/2791097,NWMLS,1179531,N,Y,47.8337106,-122.2069185
PAST SALE,October-31-2017,Single Family Residential,19419 Grannis Rd,Bothell,WA,98012,625000,0,,North Creek,3500,134000,1964,80,179,,Sold,,,http://www.redfin.com/WA/Bothell/19419-Grannis-Rd-98012/home/2539505,NWMLS,1181067,N,Y,47.8209259,-122.1911478
PAST SALE,December-7-2017,Single Family Residential,19302 3rd Ave W,Bothell,WA,98012,590000,4,2.5,Bothell,2525,6534,1999,43,234,,Sold,,,http://www.redfin.com/WA/Bothell/19302-3rd-Ave-W-98012/home/2867749,NWMLS,1181779,N,Y,47.8231231,-122.2374429
PAST SALE,December-20-2017,Condo/Co-op,18930 Bothell Everett Hwy Unit C101,Bothell,WA,98012,250000,2,2,Bothell,964,552636,1998,30,259,383,Sold,,,http://www.redfin.com/WA/Bothell/18930-Bothell-Everett-Hwy-98012/unit-C101/home/12104298,NWMLS,1182259,N,Y,47.8248136,-122.2090604
PAST SALE,October-24-2017,Single Family Residential,5202 223rd St SE,Bothell,WA,98021,1540000,5,4.25,Canyon Park,6265,86249,2002,87,246,,Sold,,,http://www.redfin.com/WA/Bothell/5202-223rd-St-SE-98021/home/2855746,NWMLS,1182652,N,Y,47.7949187,-122.1642444
PAST SALE,November-27-2017,Condo/Co-op,18930 Bothell Everett Hwy Unit E103,Bothell,WA,98012,233000,3,2,Bothell,1021,552636,1998,53,228,411,Sold,,,http://www.redfin.com/WA/Bothell/18930-Bothell-Everett-Hwy-98012/unit-E103/home/12104313,NWMLS,1183063,N,Y,47.8248136,-122.2090604
PAST SALE,November-3-2017,Single Family Residential,14603 46th Ave SE,Bothell,WA,98012,520000,3,2.5,Silver Firs,1771,8276,2012,77,294,,Sold,,,http://www.redfin.com/WA/Bothell/14603-46th-Ave-SE-98012/home/45389765,NWMLS,1183203,N,Y,47.8651161,-122.171066
PAST SALE,November-8-2017,Single Family Residential,15408 93rd Place NE,Bothell,WA,98011,737114,4,2.5,Amber Ridge,2501,9825,1989,72,295,25,Sold,,,http://www.redfin.com/WA/Bothell/15408-93rd-Pl-NE-98011/home/284383,NWMLS,1183643,N,Y,47.7401429,-122.2162397
PAST SALE,December-21-2017,Single Family Residential,4317 186th Place SE,Bothell,WA,98012,699995,4,2.25,North Creek,1876,2598,2017,29,373,85,Sold,,,http://www.redfin.com/WA/Bothell/4317-186th-Pl-SE-98012/home/143411416,NWMLS,1183665,N,Y,47.828913,-122.172253
PAST SALE,October-27-2017,Single Family Residential,20024 York Rd,Bothell,WA,98012,575000,4,1.75,North Creek,1640,43560,1987,84,351,,Sold,,,http://www.redfin.com/WA/Bothell/20024-York-Rd-98012/home/2565760,NWMLS,1184309,N,Y,47.8154556,-122.1842313
PAST SALE,October-30-2017,Single Family Residential,19514 Winesap Lane,Bothell,WA,98012,387410,3,1,Mill Creek,1524,13504,1961,81,254,,Sold,,,http://www.redfin.com/WA/Bothell/19514-Winesap-Ln-98012/home/2656876,NWMLS,1184369,N,Y,47.820504,-122.2246493
PAST SALE,December-13-2017,Single Family Residential,22202 1st Dr SE,Bothell,WA,98021,860000,4,2.75,Canyon Park,3157,10019,2012,37,272,,Sold,,,http://www.redfin.com/WA/Bothell/22202-1st-Dr-SE-98021/home/45389693,NWMLS,1184539,N,Y,47.7966058,-122.2292381
PAST SALE,November-28-2017,Single Family Residential,13569 NE 203rd Ct,Woodinville,WA,98072,984990,4,3.75,Woodinville,3555,5709,2017,52,277,100,Sold,,,http://www.redfin.com/WA/Woodinville/13569-NE-203rd-Ct-98072/unit-11/home/112475836,NWMLS,1184576,N,Y,47.7745385,-122.1674703
PAST SALE,October-27-2017,Townhouse,16403 2nd Park SE,Bothell,WA,98012,444000,3,3.25,Mill Creek,2022,1742,2009,84,220,135,Sold,,,http://www.redfin.com/WA/Bothell/16403-2nd-Park-SE-98012/home/39951831,NWMLS,1184754,N,Y,47.8488169,-122.228677
PAST SALE,November-30-2017,Mobile/Manufactured Home,19205 130th Ct NE,Bothell,WA,98011,190000,3,1.75,Holly Hills,1440,4331,1971,50,132,,Sold,,,http://www.redfin.com/WA/Bothell/19205-130th-Ct-NE-98011/home/59704891,NWMLS,1184792,N,Y,47.7666384,-122.1661006
PAST SALE,December-5-2017,Single Family Residential,27 161st Place SE,Bothell,WA,98012,487950,3,2.5,Mill Creek,1906,3245,2012,45,256,55,Sold,,,http://www.redfin.com/WA/Bothell/27-161st-Pl-SE-98012/home/40493258,NWMLS,1186028,N,Y,47.851634,-122.2299593
PAST SALE,January-12-2018,Single Family Residential,24315 6th Place W,Bothell,WA,98021,575000,4,1.5,Bothell,1938,13068,1961,7,297,,Sold,,,http://www.redfin.com/WA/Bothell/24315-6th-Pl-W-98021/home/2710052,NWMLS,1186038,N,Y,47.777581,-122.2403492
PAST SALE,November-22-2017,Single Family Residential,9213 NE 173rd Place,Bothell,WA,98011,680000,4,2,Bothell,2680,3658,2000,58,254,57,Sold,,,http://www.redfin.com/WA/Bothell/9213-NE-173rd-Pl-98011/home/285473,NWMLS,1186216,N,Y,47.75346,-122.2188416
PAST SALE,October-30-2017,Single Family Residential,1912 169th Place SE,Bothell,WA,98012,588000,4,2.75,Bothell,2758,10019,1980,81,213,,Sold,,,http://www.redfin.com/WA/Bothell/1912-169th-Pl-SE-98012/home/2787543,NWMLS,1186224,N,Y,47.8443436,-122.2068147
PAST SALE,November-15-2017,Single Family Residential,18632 29th Ave SE,Bothell,WA,98012,860000,4,3.25,Bothell,3342,16553,1989,65,257,20,Sold,,,http://www.redfin.com/WA/Bothell/18632-29th-Ave-SE-98012/home/2815412,NWMLS,1186826,N,Y,47.8282393,-122.1939317
PAST SALE,November-17-2017,Townhouse,24035 40th Lane SE,Bothell,WA,98021,430000,3,2.25,Bothell,1449,1567,2006,63,297,50,Sold,,,http://www.redfin.com/WA/Bothell/24035-40th-Ln-SE-98021/home/11884352,NWMLS,1188690,N,Y,47.779725,-122.178344
PAST SALE,November-17-2017,Single Family Residential,8844 NE 178th St,Bothell,WA,98011,750000,3,2.5,West Hill,2710,6352,2004,63,277,25,Sold,,,http://www.redfin.com/WA/Bothell/8844-NE-178th-St-98011/home/285615,NWMLS,1189108,N,Y,47.7574891,-122.2222064
PAST SALE,November-20-2017,Single Family Residential,8 175th Place SE,Bothell,WA,98012,684718,5,2.75,Bothell,2587,3819,2017,60,265,81,Sold,,,http://www.redfin.com/WA/Bothell/8-175th-Pl-SE-98012/home/143715661,NWMLS,1189186,N,Y,47.8385821,-122.2320209
PAST SALE,November-3-2017,Single Family Residential,2410 169th Place SE,Bothell,WA,98012,570000,5,2.5,Mays Pond,2325,9583,1987,77,245,,Sold,,,http://www.redfin.com/WA/Bothell/2410-169th-Pl-SE-98012/home/2811013,NWMLS,1189283,N,Y,47.8439972,-122.2000986
PAST SALE,October-26-2017,Single Family Residential,2720 232nd St SE,Bothell,WA,98021,622000,4,2.5,Canyon Park,2066,3868,2006,85,301,34,Sold,,,http://www.redfin.com/WA/Bothell/2720-232nd-St-SE-98021/unit-44/home/2916958,NWMLS,1190045,N,Y,47.7872386,-122.1954379
PAST SALE,December-15-2017,Single Family Residential,4102 Jewell Rd,Bothell,WA,98012,714950,3,2.5,Bothell,2252,12197,1969,35,317,,Sold,,,http://www.redfin.com/WA/Bothell/4102-Jewell-Rd-98012/home/2565833,NWMLS,1190524,N,Y,47.8192936,-122.1777304
PAST SALE,December-26-2017,Single Family Residential,23423 26th Ave SE,Bothell,WA,98021,935000,5,2.75,Bothell,3359,6719,2017,24,278,100,Sold,,,http://www.redfin.com/WA/Bothell/23423-26th-Ave-SE-98021/home/143728896,NWMLS,1190535,N,Y,47.7789517,-122.1975563
PAST SALE,December-21-2017,Townhouse,1325 Seattle Hill Rd Unit A3,Bothell,WA,98012,533395,3,2.25,Mill Creek,1928,2095,2017,29,277,121,Sold,,,http://www.redfin.com/WA/Bothell/1325-Seattle-Hill-Rd-98012/unit-A3/home/143726856,NWMLS,1190572,N,Y,47.8450585,-122.2147022
PAST SALE,November-17-2017,Single Family Residential,15707 99th Ave NE,Bothell,WA,98011,640000,4,2.5,Bridlewood,2510,9620,1994,63,255,29,Sold,,,http://www.redfin.com/WA/Bothell/15707-99th-Ave-NE-98011/home/284154,NWMLS,1190776,N,Y,47.7417522,-122.210071
PAST SALE,October-23-2017,Single Family Residential,2919 180th Place SE,Bothell,WA,98012,640000,4,2.5,Bothell,2191,3920,2008,88,292,49,Sold,,,http://www.redfin.com/WA/Bothell/2919-180th-Pl-SE-98012/home/21499509,NWMLS,1191651,N,Y,47.8343353,-122.1927293
PAST SALE,October-30-2017,Single Family Residential,22814 Atlas Rd,Bothell,WA,98021,475000,4,2.75,Brier,2484,9148,1964,81,191,,Sold,,,http://www.redfin.com/WA/Bothell/22814-Atlas-Rd-98021/home/2658155,NWMLS,1192013,N,Y,47.7914402,-122.2640389
PAST SALE,December-21-2017,Single Family Residential,22712 41st Dr SE #42,Bothell,WA,98021,782845,4,3.5,Bothell,2850,4315,2017,29,275,56,Sold,,,http://www.redfin.com/WA/Bothell/22712-41st-Dr-SE-98021/unit-42/home/143804130,NWMLS,1192824,N,Y,47.7903175,-122.1775433
PAST SALE,October-27-2017,Single Family Residential,19314 3rd Ave W,Bothell,WA,98012,621000,4,2.5,Bothell,2747,8276,1999,84,226,,Sold,,,http://www.redfin.com/WA/Bothell/19314-3rd-Ave-W-98012/home/2867746,NWMLS,1193000,N,Y,47.8227702,-122.2376627
PAST SALE,October-23-2017,Townhouse,18930 Bothell Everett Hwy Unit C 305,Bothell,WA,98012,260000,2,1,Bothell,887,,1998,88,293,360,Sold,,,http://www.redfin.com/WA/Bothell/18930-Bothell-Everett-Hwy-98012/unit-C305/home/12104990,NWMLS,1193105,N,Y,47.8248136,-122.2090604
PAST SALE,December-12-2017,Single Family Residential,21631 43rd Dr SE,Bothell,WA,98021,765000,4,2.5,Canyon Park,2864,6354,2006,38,267,50,Sold,,,http://www.redfin.com/WA/Bothell/21631-43rd-Dr-SE-98021/home/12490625,NWMLS,1193340,N,Y,47.8008742,-122.1746953
PAST SALE,October-23-2017,Single Family Residential,3927 222nd Place SE,Bothell,WA,98021,780000,4,2.75,Canyon Park,2966,6713,2009,88,263,55,Sold,,,http://www.redfin.com/WA/Bothell/3927-222nd-Pl-SE-98021/home/28641267,NWMLS,1193419,N,Y,47.7962125,-122.1798841
PAST SALE,October-25-2017,Single Family Residential,15118 98th Ct NE,Bothell,WA,98011,1299000,4,3.75,Juanita,4650,9601,2009,86,279,,Sold,,,http://www.redfin.com/WA/Bothell/15118-98th-Ct-NE-98011/home/21617659,NWMLS,1193598,N,Y,47.7381821,-122.2107507
PAST SALE,November-9-2017,Single Family Residential,23017 19th Place W,Bothell,WA,98021,652500,3,2.5,Bothell,2189,3920,2012,71,298,31,Sold,,,http://www.redfin.com/WA/Bothell/23017-19th-Pl-W-98021/home/45390713,NWMLS,1193811,N,Y,47.7896155,-122.2597489
PAST SALE,October-25-2017,Condo/Co-op,10827 NE 147th Lane Unit Q102,Bothell,WA,98011,235000,1,1,Juanita,626,374551,1982,86,375,236,Sold,,,http://www.redfin.com/WA/Bothell/10827-NE-147th-Ln-98011/unit-Q102/home/8190376,NWMLS,1194220,N,Y,47.7346103,-122.1954209
PAST SALE,October-25-2017,Single Family Residential,17013 102nd Ave NE,Bothell,WA,98011,1399000,4,4,Norway Hill,4082,40000,2005,86,343,100,Sold,,,http://www.redfin.com/WA/Bothell/17013-102nd-Ave-NE-98011/home/18662275,NWMLS,1194253,N,Y,47.7509937,-122.2022775
PAST SALE,October-31-2017,Single Family Residential,429 170th Place SE,Mill Creek,WA,98012,602000,5,3.25,Mill Creek,2754,6970,2002,80,219,,Sold,,,http://www.redfin.com/WA/Bothell/429-170th-Pl-SE-98012/home/2897074,NWMLS,1194548,N,Y,47.8441218,-122.2248479
PAST SALE,November-6-2017,Single Family Residential,17319 17th Dr SE,Bothell,WA,98012,500000,4,2.75,Mays Pond,1870,13504,1984,74,267,,Sold,,,http://www.redfin.com/WA/Bothell/17319-17th-Dr-SE-98012/home/2802651,NWMLS,1194675,N,Y,47.8403049,-122.2090432
PAST SALE,October-25-2017,Mobile/Manufactured Home,19726 126th Ave NE,Bothell,WA,98011,284950,2,1.75,Holly Hills,1352,5225,1989,86,211,,Sold,,,http://www.redfin.com/WA/Bothell/19726-126th-Ave-NE-98011/home/49737967,NWMLS,1194724,N,Y,47.7712051,-122.172856
PAST SALE,October-27-2017,Condo/Co-op,20320 Bothell Everett Hwy Unit D202,Bothell,WA,98012,236200,2,1,Bothell,860,301186,1986,84,275,347,Sold,,,http://www.redfin.com/WA/Bothell/20320-Bothell-Everett-Hwy-98012/unit-D202/home/144390902,NWMLS,1194811,N,Y,47.813465,-122.210683
PAST SALE,November-22-2017,Townhouse,14915 38th Dr SE Unit I1110,Bothell,WA,98012,295000,2,2.25,Bothell,1260,,2006,58,234,271,Sold,,,http://www.redfin.com/WA/Bothell/14915-38th-Dr-SE-98012/unit-I1110/home/103957864,NWMLS,1195078,N,Y,47.8622783,-122.1798301
PAST SALE,November-8-2017,Single Family Residential,14908 97th Ave NE,Bothell,WA,98011,1300000,6,3.5,Juanita,4700,10514,2011,72,277,70,Sold,,,http://www.redfin.com/WA/Bothell/14908-97th-Ave-NE-98011/home/40089134,NWMLS,1195159,N,Y,47.7364553,-122.2110534
PAST SALE,November-16-2017,Single Family Residential,4004 215th St SE,Bothell,WA,98021,825000,5,3.5,Canyon Park,3439,5227,2006,64,240,37,Sold,,,http://www.redfin.com/WA/Bothell/4004-215th-St-SE-98021/home/12489390,NWMLS,1195392,N,Y,47.8023789,-122.1793589
PAST SALE,October-26-2017,Single Family Residential,14704 107th Ave NE,Bothell,WA,98011,650000,3,2.5,Norway Hill,1920,7851,1978,85,339,,Sold,,,http://www.redfin.com/WA/Bothell/14704-107th-Ave-NE-98011/home/458857,NWMLS,1195529,N,Y,47.7342751,-122.1971842
PAST SALE,November-30-2017,Single Family Residential,4126 227 St SE #35,Bothell,WA,98021,853995,5,3.25,Bothell,3513,6092,2017,50,243,56,Sold,,,http://www.redfin.com/WA/Bothell/4126-227th-St-SE-98021/unit-35/home/143842683,NWMLS,1195662,N,Y,47.7914989,-122.158502
PAST SALE,November-1-2017,Single Family Residential,19619 109th PLACE NE,Bothell,WA,98011,895000,3,2.5,Maywood Hills,2730,7521,1992,79,328,34,Sold,,,http://www.redfin.com/WA/Bothell/19619-109th-Pl-NE-98011/home/285952,NWMLS,1195672,N,Y,47.7703755,-122.1955645
PAST SALE,November-20-2017,Single Family Residential,18715 22nd Dr SE,Bothell,WA,98012,471000,3,2,Bothell,1658,10019,1997,60,284,92,Sold,,,http://www.redfin.com/WA/Bothell/18715-22nd-Dr-SE-98012/home/2852750,NWMLS,1195747,N,Y,47.8280446,-122.2022719
PAST SALE,December-14-2017,Single Family Residential,22526 14th Place W,Bothell,WA,98021,446500,3,2.25,Bothell,1376,9148,1988,36,324,,Sold,,,http://www.redfin.com/WA/Bothell/22526-14th-Pl-W-98021/home/2802961,NWMLS,1195760,N,Y,47.7938295,-122.2526401
PAST SALE,November-20-2017,Single Family Residential,16306 Valhalla Dr,Bothell,WA,98011,845000,4,2.5,Valhalla,4060,12259,1978,60,208,38,Sold,,,http://www.redfin.com/WA/Bothell/16306-Valhalla-Dr-98011/home/285050,NWMLS,1195883,N,Y,47.7460679,-122.2131774
PAST SALE,October-31-2017,Single Family Residential,19532 33rd Dr SE,Bothell,WA,98012,650000,3,2.5,North Creek,2070,3920,2014,80,314,50,Sold,,,http://www.redfin.com/WA/Bothell/19532-33rd-Dr-SE-98012/home/57386792,NWMLS,1196058,N,Y,47.8202632,-122.1881395
PAST SALE,October-25-2017,Single Family Residential,1602 170th St SE,Bothell,WA,98012,655000,5,2.5,Mill Creek,2785,3920,2008,86,235,40,Sold,,,http://www.redfin.com/WA/Bothell/1602-170th-St-SE-98012/home/21500501,NWMLS,1196150,N,Y,47.843761,-122.210936
PAST SALE,December-6-2017,Single Family Residential,314 182nd St SE,Bothell,WA,98012,749950,4,3,North Bothell,3130,4950,2017,44,240,20,Sold,,,http://www.redfin.com/WA/Bothell/314-182nd-St-SE-98012/home/143846873,NWMLS,1196292,N,Y,47.8326158,-122.2230879
PAST SALE,November-8-2017,Multi-Family (2-4 Unit),23624 23rd Ave W,Bothell,WA,98021,500000,0,,Bothell,3100,30056,1953,72,161,,Sold,,,http://www.redfin.com/WA/Bothell/23624-23rd-Ave-W-98021/home/2657346,NWMLS,1196531,N,Y,47.7836957,-122.2644384
PAST SALE,November-9-2017,Townhouse,17029 3rd Place W,Bothell,WA,98012,447000,3,2.5,Martha Lake,2000,3000,2001,71,224,125,Sold,,,http://www.redfin.com/WA/Bothell/17029-3rd-Pl-W-98012/home/22955631,NWMLS,1196564,N,Y,47.8430043,-122.2373751
PAST SALE,October-25-2017,Single Family Residential,18323 39th Ave SE,Bothell,WA,98012,525000,3,2.5,North Bothell,1569,2686,2008,86,335,107,Sold,,,http://www.redfin.com/WA/Bothell/18323-39th-Ave-SE-98012/unit-88/home/12104468,NWMLS,1196953,N,Y,47.831197,-122.1802858
PAST SALE,October-30-2017,Single Family Residential,15212 111th Ave NE,Bothell,WA,98011,495500,3,1.75,Juanita,1290,11808,1976,81,384,,Sold,,,http://www.redfin.com/WA/Bothell/15212-111th-Ave-NE-98011/home/457408,NWMLS,1197006,N,Y,47.7384915,-122.1922349
PAST SALE,January-12-2018,Townhouse,1325 Seattle Hill Rd Unit L1,Bothell,WA,98012,570000,3,3.25,Mill Creek,2235,1986,2017,7,255,121,Sold,,,http://www.redfin.com/WA/Bothell/1325-Seattle-Hill-Rd-98012/unit-L1/home/143851621,NWMLS,1197297,N,Y,47.8450585,-122.2147022
PAST SALE,November-30-2017,Single Family Residential,18824 Ross Rd,Bothell,WA,98011,800000,5,2.25,Bothell,2820,22120,1955,50,284,,Sold,,,http://www.redfin.com/WA/Bothell/18824-Ross-Rd-98011/home/287024,NWMLS,1197392,N,Y,47.7642253,-122.1954093
PAST SALE,November-30-2017,Single Family Residential,16914 21st Ave SE,Bothell,WA,98012,435000,3,1.75,Mays Pond,1354,8712,1979,50,321,,Sold,,,http://www.redfin.com/WA/Bothell/16914-21st-Ave-SE-98012/home/2787558,NWMLS,1197517,N,Y,47.844333,-122.2044243
PAST SALE,December-22-2017,Single Family Residential,2630 236th St SE,Bothell,WA,98021,976037,5,4.25,Bothell,3600,11244,2017,28,271,100,Sold,,,http://www.redfin.com/WA/Bothell/2630-236th-St-SE-98021/home/143860356,NWMLS,1197539,N,Y,47.7843219,-122.1982769
PAST SALE,November-13-2017,Single Family Residential,4131 228th Place SE,Bothell,WA,98021,655000,4,2.5,Canyon Park,2151,3920,2011,67,305,,Sold,,,http://www.redfin.com/WA/Bothell/4131-S-228th-Place-E-98021/home/40602972,NWMLS,1197625,N,Y,47.790704,-122.1771731
PAST SALE,November-17-2017,Single Family Residential,18121 129th Place NE,Bothell,WA,98011,695000,4,2.5,Woodinville,2280,6067,2002,63,305,,Sold,,,http://www.redfin.com/WA/Bothell/18121-129th-Pl-NE-98011/home/287355,NWMLS,1197630,N,Y,47.7593871,-122.1670488
PAST SALE,December-8-2017,Townhouse,24120 39th Ct SE,Bothell,WA,98021,534000,3,2.5,Canyon Park,1958,1750,2007,42,273,50,Sold,,,http://www.redfin.com/WA/Bothell/24120-39th-Ct-SE-98021/home/17127059,NWMLS,1197816,N,Y,47.7789534,-122.1800265
PAST SALE,October-25-2017,Townhouse,15 194th St SW,Bothell,WA,98012,460000,3,2.25,Bothell,1818,3501,2009,86,253,42,Sold,,,http://www.redfin.com/WA/Bothell/15-194th-St-SW-98012/unit-18/home/39593586,NWMLS,1198110,N,Y,47.8226501,-122.2335373
PAST SALE,November-1-2017,Single Family Residential,17207 42nd Dr SE,Bothell,WA,98012,634000,4,2.5,Bothell,2213,3485,2014,79,286,35,Sold,,,http://www.redfin.com/WA/Bothell/17207-42nd-Dr-SE-98012/home/105199413,NWMLS,1198369,N,Y,47.841504,-122.175564
PAST SALE,November-17-2017,Single Family Residential,23907 23rd Ave W,Bothell,WA,98021,450000,2,1,Brier,572,23087,1940,63,787,,Sold,,,http://www.redfin.com/WA/Bothell/23907-23rd-Ave-W-98021/home/2657311,NWMLS,1198784,N,Y,47.7815476,-122.2635912
PAST SALE,November-3-2017,Single Family Residential,2513 187th Place SE,Bothell,WA,98012,552500,3,2.75,North Bothell,1777,18731,1980,77,311,,Sold,,,http://www.redfin.com/WA/Bothell/2513-187th-Pl-SE-98012/home/2792930,NWMLS,1199118,N,Y,47.8279967,-122.1986644
PAST SALE,December-4-2017,Mobile/Manufactured Home,19141 130th Ave NE,Bothell,WA,98011,204250,3,2,Holly Hills,1440,5261,1970,46,142,22,Sold,,,http://www.redfin.com/WA/Bothell/19141-130th-Ave-NE-98011/home/21905911,NWMLS,1199466,N,Y,47.7646487,-122.1673573
PAST SALE,December-22-2017,Single Family Residential,109 Bellflower Rd,Bothell,WA,98012,515000,3,2,Bothell,1960,12197,1971,28,263,,Sold,,,http://www.redfin.com/WA/Bothell/109-Bellflower-Rd-98012/home/2647377,NWMLS,1199552,N,Y,47.83621,-122.2347644
PAST SALE,October-27-2017,Mobile/Manufactured Home,2200 196th St SE #7,Bothell,WA,98012,75400,3,2,Kennard Corner,1440,,1976,84,52,,Sold,,,http://www.redfin.com/WA/Bothell/2200-196th-St-SE-98012/unit-7/home/143943050,NWMLS,1199602,N,Y,47.8186196,-122.2033852
PAST SALE,November-20-2017,Townhouse,15600 116th Ave NE Unit N4,Bothell,WA,98011,326500,2,1.5,Queensgate,1036,,1986,60,315,397,Sold,,,http://www.redfin.com/WA/Bothell/15600-116th-Ave-NE-98011/unit-N4/home/42933,NWMLS,1199641,N,Y,47.7409484,-122.1847453
PAST SALE,November-1-2017,Single Family Residential,3015 165th Place SE,Bothell,WA,98012,464900,3,2.5,Bothell,1888,7405,1981,79,246,,Sold,,,http://www.redfin.com/WA/Bothell/3015-165th-Pl-SE-98012/home/2797090,NWMLS,1199649,N,Y,47.8477112,-122.1917116
PAST SALE,December-13-2017,Condo/Co-op,2201 192nd St SE Unit U102,Bothell,WA,98012,315000,3,1.75,Bothell,1336,379380,1999,37,236,419,Sold,,,http://www.redfin.com/WA/Bothell/2201-192nd-St-SE-98012/unit-U102/home/2866583,NWMLS,1199698,N,Y,47.8263546,-122.2034132
PAST SALE,November-15-2017,Condo/Co-op,18930 Bothell Everett Hwy Unit F205,Bothell,WA,98012,225000,2,1,Bothell,887,,1998,65,254,354,Sold,,,http://www.redfin.com/WA/Bothell/18930-Bothell-Everett-Hwy-98012/unit-F205/home/12176171,NWMLS,1199778,N,Y,47.8248136,-122.2090604
PAST SALE,October-27-2017,Townhouse,416 228th St SW Unit G-202,Bothell,WA,98021,345000,2,1.75,Canyon Park,1134,,1997,84,304,374,Sold,,,http://www.redfin.com/WA/Bothell/416-228th-St-SW-98021/unit-G202/home/2854563,NWMLS,1199848,N,Y,47.7908515,-122.2397598
PAST SALE,December-22-2017,Single Family Residential,10431 NE 168th St,Bothell,WA,98011,815000,4,2.25,Bothell,3100,21790,1961,28,263,,Sold,,,http://www.redfin.com/WA/Bothell/10431-NE-168th-St-98011/home/284131,NWMLS,1200085,N,Y,47.7490626,-122.2006423
PAST SALE,November-29-2017,Single Family Residential,3119 165th Place SE,Bothell,WA,98012,562000,4,2,Mill Creek,1793,8712,1982,51,313,,Sold,,,http://www.redfin.com/WA/Bothell/3119-165th-Pl-SE-98012/home/2800971,NWMLS,1200112,N,Y,47.8482092,-122.189722
PAST SALE,November-16-2017,Single Family Residential,1006 185th St SE,Bothell,WA,98012,595000,3,2.5,North Creek,2372,4356,2001,64,251,42,Sold,,,http://www.redfin.com/WA/Bothell/1006-185th-St-SE-98012/home/2889672,NWMLS,1200354,N,Y,47.830118,-122.217702
PAST SALE,November-15-2017,Condo/Co-op,1522 196th St SE Unit E106,Bothell,WA,98012,275000,2,2,Canyon Park,983,,2001,65,280,349,Sold,,,http://www.redfin.com/WA/Bothell/1522-196th-St-SE-98012/unit-E106/home/2887926,NWMLS,1201577,N,Y,47.8176785,-122.2102221
PAST SALE,November-14-2017,Single Family Residential,3424 171st Place SE,Bothell,WA,98012,695000,3,2.5,Mill Creek,2759,5227,2007,66,252,27,Sold,,,http://www.redfin.com/WA/Bothell/3424-171st-Pl-SE-98012/home/21501630,NWMLS,1201636,N,Y,47.8421804,-122.1861408
PAST SALE,January-5-2018,Single Family Residential,632 195th St SE,Bothell,WA,98012,618500,4,2.5,Canyon Park,3013,3920,2010,14,205,16,Sold,,,http://www.redfin.com/WA/Bothell/632-195th-St-SE-98012/home/26850874,NWMLS,1201801,N,Y,47.8219352,-122.2214731
PAST SALE,November-13-2017,Single Family Residential,1208 228th Place SW,Bothell,WA,98021,525000,3,2.5,Alderwood Manor,1768,8276,1985,67,297,,Sold,,,http://www.redfin.com/WA/Bothell/1208-228th-Pl-SW-98021/home/2805978,NWMLS,1201817,N,Y,47.790974,-122.2493926
PAST SALE,October-31-2017,Mobile/Manufactured Home,18812 127th Place NE,Bothell,WA,98011,355000,3,2,Holly Hills,1650,5319,2006,80,215,30,Sold,,,http://www.redfin.com/WA/Bothell/18812-127th-Pl-NE-98011/home/54474042,NWMLS,1201886,N,Y,47.7640118,-122.1697398
PAST SALE,November-6-2017,Single Family Residential,23917 7th Ave W,Bothell,WA,98021,353000,0,,Bothell,2492,9583,1961,74,142,,Sold,,,http://www.redfin.com/WA/Bothell/23917-7th-Ave-W-98021/home/2657487,NWMLS,1201985,N,Y,47.7809745,-122.2414208
PAST SALE,October-27-2017,Single Family Residential,22606 13th Place W,Bothell,WA,98021,500000,3,2,Bothell,1282,6970,1983,84,390,,Sold,,,http://www.redfin.com/WA/Bothell/22606-13th-Pl-W-98021/home/2802850,NWMLS,1202028,N,Y,47.7932346,-122.2512877
PAST SALE,November-8-2017,Single Family Residential,22615 38th Dr SE,Bothell,WA,98021,755000,3,2.5,Bothell,2336,3920,2014,72,323,65,Sold,,,http://www.redfin.com/WA/Bothell/22615-38th-Dr-SE-98021/home/69351802,NWMLS,1202203,N,Y,47.7925572,-122.1821062
PAST SALE,November-17-2017,Single Family Residential,20021 100th Ave NE,Bothell,WA,98011,599950,4,1.75,Maywood Hills,1610,9419,1982,63,373,,Sold,,,http://www.redfin.com/WA/Bothell/20021-100th-Ave-NE-98011/home/287281,NWMLS,1202265,N,Y,47.7733967,-122.2073371
PAST SALE,November-17-2017,Single Family Residential,18329 35th Dr SE,Bothell,WA,98102,583000,3,2.5,Snohomish,1740,2524,2006,63,335,107,Sold,,,http://www.redfin.com/WA/Bothell/18329-35th-Dr-SE-98012/unit-39/home/12104260,NWMLS,1202473,N,Y,47.8312078,-122.1851485
PAST SALE,November-17-2017,Condo/Co-op,18930 Bothell Everett Hwy Unit E302,Bothell,WA,98012,215000,2,2,Thrashers Corner,939,552636,1998,63,229,384,Sold,,,http://www.redfin.com/WA/Bothell/18930-Bothell-Everett-Hwy-98012/unit-E302/home/12104995,NWMLS,1202509,N,Y,47.8248136,-122.2090604
PAST SALE,December-12-2017,Single Family Residential,24016 4th Place W,Bothell,WA,98021,575000,4,2.75,Bothell,3060,13068,1959,38,188,,Sold,,,http://www.redfin.com/WA/Bothell/24016-4th-Pl-W-98021/home/2710038,NWMLS,1202729,N,Y,47.7801066,-122.2394792
PAST SALE,November-30-2017,Single Family Residential,3932 168th Place SE,Bothell,WA,98012,810000,4,2.5,North Creek,2725,4443,2015,50,297,43,Sold,,,http://www.redfin.com/WA/Bothell/3932-168th-Pl-SE-98012/home/87197959,NWMLS,1202766,N,Y,47.844788,-122.178842
PAST SALE,December-14-2017,Single Family Residential,630 216 th St SW,Bothell,WA,98021,505000,4,2.25,Queensborough,1937,7405,1970,36,261,,Sold,,,http://www.redfin.com/WA/Bothell/630-216th-St-SW-98021/home/2768947,NWMLS,1202978,N,Y,47.8021164,-122.2423311
PAST SALE,October-31-2017,Single Family Residential,19904 104th Ave NE,Bothell,WA,98011,620000,3,2.25,Maywood Hills,1912,8490,1982,80,324,,Sold,,,http://www.redfin.com/WA/Bothell/19904-104th-Ave-NE-98011/home/286684,NWMLS,1203061,N,Y,47.772891,-122.2007992
PAST SALE,November-22-2017,Condo/Co-op,3910 243rd Place SE Unit A103,Bothell,WA,98021,279950,2,2,North Creek,983,701709,1997,58,285,423,Sold,,,http://www.redfin.com/WA/Bothell/3910-243rd-Pl-SE-98021/unit-A103/home/22960982,NWMLS,1203215,N,Y,47.7766155,-122.1797364
PAST SALE,October-23-2017,Condo/Co-op,18930 Bothell Everett Hwy Unit H-104,Bothell,WA,98012,245000,2,2,Bothell,939,552636,1998,88,261,383,Sold,,,http://www.redfin.com/WA/Bothell/18930-Bothell-Everett-Hwy-98012/unit-H-104/home/144390862,NWMLS,1203379,N,Y,47.8248136,-122.2090604
PAST SALE,October-31-2017,Townhouse,18722 20th Dr SE,Bothell,WA,98012,425000,3,2.25,Bothell,1638,3485,1996,80,259,76,Sold,,,http://www.redfin.com/WA/Bothell/18722-20th-Dr-SE-98012/home/2854002,NWMLS,1203458,N,Y,47.827115,-122.204819
PAST SALE,November-15-2017,Single Family Residential,19111 13th Ave SE,Bothell,WA,98012,615000,5,2.75,Bothell,2678,4356,2008,65,230,21,Sold,,,http://www.redfin.com/WA/Mill-Creek/19111-13th-Ave-SE-98012/home/21501561,NWMLS,1203583,N,Y,47.8248288,-122.2145348
PAST SALE,October-27-2017,Single Family Residential,15621 36th Ave SE,Bothell,WA,98012,666000,4,2.5,Mill Creek,2690,4792,2006,84,248,42,Sold,,,http://www.redfin.com/WA/Bothell/15621-36th-Ave-SE-98012/home/22958568,NWMLS,1203589,N,Y,47.855709,-122.184562
PAST SALE,November-21-2017,Single Family Residential,16128 2nd Ave SE #29,Bothell,WA,98012,550000,4,2.5,Mill Creek,2025,3158,2008,59,272,55,Sold,,,http://www.redfin.com/WA/Bothell/16128-2nd-Ave-SE-98012/unit-29/home/23454770,NWMLS,1203774,N,Y,47.8512801,-122.2290937
PAST SALE,November-9-2017,Townhouse,16514 1st Park SE,Bothell,WA,98012,451000,3,2.5,Mill Creek,1852,2178,2010,71,244,135,Sold,,,http://www.redfin.com/WA/Bothell/16514-1st-Park-SE-98012/home/39951837,NWMLS,1203884,N,Y,47.8480429,-122.230441
PAST SALE,December-29-2017,Single Family Residential,22723 41st ( PVR Lot 37) Dr SE,Bothell,WA,98021,767475,4,2.5,Bothell,2689,7049,2017,21,285,56,Sold,,,http://www.redfin.com/WA/Bothell/22723-41st-Dr-SE-98021/home/144002033,NWMLS,1204397,N,Y,47.7903175,-122.1775433
PAST SALE,November-30-2017,Single Family Residential,19105 Waxen Rd,Bothell,WA,98012,629000,4,2.5,North Creek,2733,6259,2007,50,230,,Sold,,,http://www.redfin.com/WA/Bothell/19105-Waxen-Rd-98012/home/12489853,NWMLS,1204567,N,Y,47.8248437,-122.217416
PAST SALE,December-4-2017,Single Family Residential,19 213th St SW,Bothell,WA,98021,480000,4,2.25,Bothell,1932,12197,1959,46,248,,Sold,,,http://www.redfin.com/WA/Bothell/19-213th-St-SW-98021/home/21636540,NWMLS,1204571,N,Y,47.8053578,-122.2338148
PAST SALE,November-15-2017,Single Family Residential,19705 6th Dr SE,Bothell,WA,98012,508233,4,2.5,Thrashers Corner,2198,10019,1989,65,231,,Sold,,,http://www.redfin.com/WA/Bothell/19705-6th-Dr-SE-98012/home/2819318,NWMLS,1205037,N,Y,47.8191999,-122.2218789
PAST SALE,December-19-2017,Condo/Co-op,15300 112th Ave NE Unit A212,Bothell,WA,98011,420000,3,1.75,Bothell,1199,146021,1999,31,350,374,Sold,,,http://www.redfin.com/WA/Bothell/15300-112th-Ave-NE-98011/unit-A212/home/2119050,NWMLS,1205155,N,Y,47.7399328,-122.1897858
PAST SALE,November-15-2017,Single Family Residential,14944 104th Ave NE,Bothell,WA,98011,675000,3,2.25,Norway Hill,1770,9889,1984,65,381,,Sold,,,http://www.redfin.com/WA/Bothell/14944-104th-Ave-NE-98011/home/284828,NWMLS,1205291,N,Y,47.7367829,-122.2008642
PAST SALE,December-22-2017,Single Family Residential,19 170th Place SE,Bothell,WA,98012,535000,4,2.5,Bothell,2278,13068,1980,28,235,,Sold,,,http://www.redfin.com/WA/Bothell/19-170th-Pl-SE-98012/home/2786815,NWMLS,1205352,N,Y,47.8441307,-122.2326834
PAST SALE,December-22-2017,Single Family Residential,17521 40th Dr SE,Bothell,WA,98012,735000,5,3.5,Mill Creek,3114,3920,2015,28,236,,Sold,,,http://www.redfin.com/WA/Bothell/17521-40th-Dr-SE-98012/home/102284080,NWMLS,1205885,N,Y,47.8384701,-122.1769088
PAST SALE,December-26-2017,Townhouse,1325 Seattle Hill Rd Unit A2,Bothell,WA,98012,467290,2,2.25,Mill Creek,1583,1422,2017,24,295,121,Sold,,,http://www.redfin.com/WA/Bothell/1325-Seattle-Hill-Rd-98012/unit-A2/home/143821038,NWMLS,1205902,N,Y,47.8450585,-122.2147022
PAST SALE,November-22-2017,Single Family Residential,20530 Greening Rd,Bothell,WA,98012,420000,3,2,Thrashers Corner,1108,28314,1982,58,379,,Sold,,,http://www.redfin.com/WA/Bothell/20530-Greening-Rd-98012/home/2793830,NWMLS,1206065,N,Y,47.8123669,-122.2219396
PAST SALE,January-4-2018,Single Family Residential,23122 20th Ave SE,Bothell,WA,98021,585000,3,2.5,Canyon Park,2018,9148,1986,15,290,,Sold,,,http://www.redfin.com/WA/Bothell/23122-20th-Ave-SE-98021/home/2809310,NWMLS,1206153,N,Y,47.7883021,-122.2063031
PAST SALE,November-28-2017,Townhouse,16376 119TH Lane NE,Bothell,WA,98011,417000,2,2.5,Bothell,1129,594342,1998,52,369,429,Sold,,,http://www.redfin.com/WA/Bothell/16376-119th-Ln-NE-98011/unit-28-3/home/13205,NWMLS,1206173,N,Y,47.7469772,-122.1808268
PAST SALE,December-5-2017,Single Family Residential,19312 1st Ave W,Bothell,WA,98012,499000,3,2.25,Bothell,1696,2780,2010,45,294,42,Sold,,,http://www.redfin.com/WA/Bothell/19312-1st-Ave-W-98012/home/28480726,NWMLS,1206316,N,Y,47.8230243,-122.2346634
PAST SALE,December-28-2017,Single Family Residential,110 233rd Place SW,Bothell,WA,98021,450000,4,2.75,Bothell,1670,6970,1960,22,269,,Sold,,,http://www.redfin.com/WA/Bothell/110-233rd-Pl-SW-98021/home/2733559,NWMLS,1206387,N,Y,47.7864975,-122.2347246
PAST SALE,November-20-2017,Single Family Residential,18122 20th Dr SE,Bothell,WA,98012,380000,3,2,Bothell,1032,12197,1980,60,368,,Sold,,,http://www.redfin.com/WA/Bothell/18122-20th-Dr-SE-98012/home/2791133,NWMLS,1206614,N,Y,47.8331938,-122.2058688
PAST SALE,December-4-2017,Single Family Residential,20306 129th Place NE,Woodinville,WA,98072,680000,4,2.5,Woodinville,2334,3934,2004,46,291,29,Sold,,,http://www.redfin.com/WA/Woodinville/20306-129th-Pl-NE-98072/home/287352,NWMLS,1206690,N,Y,47.7748179,-122.1674541
PAST SALE,November-20-2017,Mobile/Manufactured Home,12700 Hollyhills Dr NE,Bothell,WA,98011,335000,3,2,Holly Hills,1570,4623,1982,60,213,25,Sold,,,http://www.redfin.com/WA/Bothell/12700-Hollyhills-Dr-NE-98011/home/144053288,NWMLS,1206826,N,Y,47.7667197,-122.1694266
PAST SALE,November-28-2017,Townhouse,10625 Ross Rd Unit E,Bothell,WA,98011,429000,2,2.25,Bothell,1236,71371,2008,52,347,286,Sold,,,http://www.redfin.com/WA/Bothell/10625-Ross-Rd-98011/unit-E/home/103954266,NWMLS,1207346,N,Y,47.7627761,-122.1988279
PAST SALE,November-15-2017,Single Family Residential,22431 4th Ave SE,Bothell,WA,98021,580000,3,1.75,Canyon Park,1872,13504,1977,65,310,,Sold,,,http://www.redfin.com/WA/Bothell/22431-4th-Ave-SE-98021/home/2769635,NWMLS,1207349,N,Y,47.7940348,-122.2260351
PAST SALE,December-28-2017,Single Family Residential,20200 25th Dr SE,Bothell,WA,98012,815900,4,3.25,Bothell,3532,6970,2003,22,231,27,Sold,,,http://www.redfin.com/WA/Bothell/20200-25th-Dr-SE-98012/home/2868807,NWMLS,1207698,N,Y,47.8146679,-122.1992053
PAST SALE,December-18-2017,Single Family Residential,19616 35th Dr SE,Bothell,WA,98012,751000,4,2.5,North Creek,2773,3920,2015,32,271,82,Sold,,,http://www.redfin.com/WA/Bothell/19616-35th-Dr-SE-98012/home/101712037,NWMLS,1207738,N,Y,47.8195563,-122.185198
PAST SALE,November-22-2017,Single Family Residential,17828 35th Dr SE,Bothell,WA,98102,660000,3,2.5,Bothell,2161,3795,2015,58,305,57,Sold,,,http://www.redfin.com/WA/Bothell/17828-35th-Dr-SE-98012/unit-3008/home/59706571,NWMLS,1207760,N,Y,47.8356397,-122.1854122
PAST SALE,November-30-2017,Single Family Residential,19023 25th Dr SE #2,Bothell,WA,98012,450000,4,2.5,Crystal Lake,1606,2309,2011,50,280,58,Sold,,,http://www.redfin.com/WA/Bothell/19023-25th-Dr-SE-98012/unit-2/home/40602963,NWMLS,1208380,N,Y,47.8250104,-122.1987901
PAST SALE,November-22-2017,Single Family Residential,4120 170th Place SE,Bothell,WA,98012,710000,4,2.5,North Creek,2517,3049,2015,58,282,45,Sold,,,http://www.redfin.com/WA/Bothell/4120-170th-Pl-SE-98012/home/58647009,NWMLS,1208558,N,Y,47.8427245,-122.1765175
PAST SALE,November-30-2017,Single Family Residential,23017 2nd Ave SE,Bothell,WA,98021,633000,3,2.75,Kenmore,2776,21780,1977,50,228,,Sold,,,http://www.redfin.com/WA/Bothell/23017-2nd-Ave-SE-98021/home/2706315,NWMLS,1208676,N,Y,47.7889553,-122.2283236
PAST SALE,December-21-2017,Single Family Residential,208 215th St SE,Bothell,WA,98021,475000,3,1.75,Bothell,1965,11326,1976,29,242,,Sold,,,http://www.redfin.com/WA/Bothell/208-215th-St-SE-98021/home/2773679,NWMLS,1208875,N,Y,47.8024099,-122.2292157
PAST SALE,November-17-2017,Single Family Residential,17620 17th Dr SE,Bothell,WA,98012,515000,4,2.5,Bothell,2052,10019,1979,63,251,,Sold,,,http://www.redfin.com/WA/Bothell/17620-17th-Dr-SE-98012/home/2778308,NWMLS,1208934,N,Y,47.8378148,-122.209518
PAST SALE,December-21-2017,Single Family Residential,16415 36th Dr SE,Bothell,WA,98012,628000,4,2.5,Mill Creek,2331,10019,2007,29,269,,Sold,,,http://www.redfin.com/WA/Bothell/16415-36th-Dr-SE-98012/home/12490266,NWMLS,1209158,N,Y,47.8486122,-122.1830159
PAST SALE,November-20-2017,Single Family Residential,17213 31st Dr SE,Bothell,WA,98012,699900,4,2.5,Mill Creek,3157,4792,2009,60,222,27,Sold,,,http://www.redfin.com/WA/Bothell/17213-31st-Dr-SE-98012/home/12446333,NWMLS,1209182,N,Y,47.8414728,-122.1902424
PAST SALE,November-30-2017,Condo/Co-op,18930 Bothell Everett Hwy Unit G301,Bothell,WA,98012,235000,2,1,Bothell,964,552636,1998,50,244,360,Sold,,,http://www.redfin.com/WA/Bothell/18930-Bothell-Everett-Hwy-98012/unit-G301/home/12105019,NWMLS,1209470,N,Y,47.8248136,-122.2090604
PAST SALE,December-27-2017,Single Family Residential,35 242nd ( #20) St SE,Bothell,WA,98021,1209681,5,3.25,Canyon Park,4110,9600,2017,23,294,92,Sold,,,http://www.redfin.com/WA/Bothell/35-242nd-St-SE-98021/home/144118208,NWMLS,1210001,N,Y,47.77908,-122.231644
PAST SALE,January-10-2018,Single Family Residential,4515 224th St SE,Bothell,WA,98021,638500,3,2.25,North Bothell,2190,15682,1976,9,292,,Sold,,,http://www.redfin.com/WA/Bothell/4515-224th-St-SE-98021/home/2600778,NWMLS,1211135,N,Y,47.794833,-122.1722782
PAST SALE,November-30-2017,Single Family Residential,2909 166th Place SE,Bothell,WA,98012,468000,4,2,Mill Creek,1516,8276,1982,50,309,,Sold,,,http://www.redfin.com/WA/Bothell/2909-166th-Pl-SE-98012/home/2791973,NWMLS,1211251,N,Y,47.8474603,-122.1929705
PAST SALE,December-15-2017,Single Family Residential,108 198th Place SW,Bothell,WA,98012,649950,4,2.5,Bothell,2740,6098,2000,35,237,,Sold,,,http://www.redfin.com/WA/Bothell/108-198th-Pl-SW-98012/home/2885541,NWMLS,1211264,N,Y,47.81763,-122.2346701
PAST SALE,November-29-2017,Townhouse,22733 30th Ct SE #26,Bothell,WA,98021,645500,4,2.5,Canyon Park,2272,,2003,51,284,46,Sold,,,http://www.redfin.com/WA/Bothell/22733-30th-Ct-SE-98021/unit-26/home/2900184,NWMLS,1211306,N,Y,47.7915071,-122.1928069
PAST SALE,December-22-2017,Single Family Residential,16908 42nd Dr SE,Bothell,WA,98012,715100,3,2.5,North Creek,2362,3485,2016,28,303,40,Sold,,,http://www.redfin.com/WA/Bothell/16908-42nd-Dr-SE-98012/home/102087497,NWMLS,1211466,N,Y,47.8442482,-122.1760507
PAST SALE,January-12-2018,Single Family Residential,2318 177th St SE,Bothell,WA,98012,490000,4,2.25,Mays Pond,2008,27443,1975,7,244,30,Sold,,,http://www.redfin.com/WA/Bothell/2318-177th-St-SE-98012/home/2677497,NWMLS,1211518,N,Y,47.8368875,-122.200838
PAST SALE,December-1-2017,Single Family Residential,2401 177th St SE,Bothell,WA,98012,429000,4,2.75,Mays Pond,1658,7405,1976,49,259,29,Sold,,,http://www.redfin.com/WA/Bothell/2401-177th-St-SE-98012/home/2677771,NWMLS,1211714,N,Y,47.8377874,-122.2006097
PAST SALE,November-17-2017,Townhouse,16230 3rd Ave SE Unit A2,Bothell,WA,98012,355000,3,2.5,Martha Lake,1700,237041,2001,63,209,385,Sold,,,http://www.redfin.com/WA/Bothell/16230-3rd-Ave-SE-98012/unit-A2/home/2892860,NWMLS,1211728,N,Y,47.8499108,-122.2281496
PAST SALE,December-7-2017,Single Family Residential,3009 200th St SE,Bothell,WA,98012,464000,3,2.5,Thrashers Corner,1745,6534,1997,43,266,60,Sold,,,http://www.redfin.com/WA/Bothell/3009-200th-St-SE-98012/home/2851346,NWMLS,1211855,N,Y,47.816261,-122.192499
PAST SALE,November-17-2017,Single Family Residential,706 232nd St SE,Bothell,WA,98021,336500,3,1,Canyon Creek,1288,8712,1966,63,261,,Sold,,,http://www.redfin.com/WA/Bothell/706-232nd-St-SE-98021/home/2618294,NWMLS,1212211,N,Y,47.7873907,-122.2230152
PAST SALE,December-12-2017,Townhouse,17816 19th Ave SE #11,Bothell,WA,98012,525000,4,3,Bothell,2624,3000,2007,38,200,41,Sold,,,http://www.redfin.com/WA/Bothell/17816-19th-Ave-SE-98012/unit-11/home/11884018,NWMLS,1212319,N,Y,47.8359888,-122.2070163
